Time(s),Linear(mm)
0,0.00144
0.01,0.00094
0.02,0.00116
0.03,0.00107
0.04,0.0011
0.05,0.00147
0.06,0.00086
0.07,0.001
0.08,0.00153
0.09,0.00118
0.1,0.00118
0.11,0.00112
0.12,0.00091
0.13,0.00158
0.14,0.00122
0.15,0.00079
0.16,0.00131
0.17,0.00113
0.18,0.00111
0.19,0.00133
0.2,0.00088
0.21,0.0013
0.22,0.00136
0.23,0.00101
0.24,0.00154
0.25,0.00131
0.26,0.00093
0.27,0.00133
0.28,0.00116
0.29,0.00126
0.3,0.00128
0.31,0.00074
0.32,0.0014
0.33,0.00149
0.34,0.0009
0.35,0.00118
0.36,0.00125
0.37,0.0012
0.38,0.00141
0.39,0.00096
0.4,0.00117
0.41,0.0015
0.42,0.00085
0.43,0.00114
0.44,0.00143
0.45,0.00104
0.46,0.00131
0.47,0.00101
0.48,0.00111
0.49,0.00151
0.5,0.00105
0.51,0.00106
0.52,0.00155
0.53,0.00104
0.54,0.00127
0.55,0.00138
0.56,0.00097
0.57,0.00144
0.58,0.00113
0.59,0.00093
0.6,0.00143
0.61,0.00109
0.62,0.00105
0.63,0.00139
0.64,0.00103
0.65,0.00136
0.66,0.0014
0.67,0.0008
0.68,0.00146
0.69,0.00142
0.7,0.00119
0.71,0.00127
0.72,0.00085
0.73,0.00119
0.74,0.00163
0.75,0.00106
0.76,0.0011
0.77,0.00129
0.78,0.001
0.79,0.00149
0.8,0.00124
0.81,0.00099
0.82,0.00139
0.83,0.001
0.84,0.00111
0.85,0.00145
0.86,0.00102
0.87,0.0012
0.88,0.00147
0.89,0.00118
0.9,0.00149
0.91,0.00116
0.92,0.00092
0.93,0.00162
0.94,0.00118
0.95,0.00101
0.96,0.00128
0.97,0.00105
0.98,0.00126
0.99,0.00122
1,0.00092
1.01,0.00159
1.02,0.0015
1.03,0.00102
1.04,0.00146
1.05,0.00108
1.06,0.00118
1.07,0.00145
1.08,0.00096
1.09,0.0013
1.1,0.0013
1.11,0.00082
1.12,0.00145
1.13,0.00155
1.14,0.00119
1.15,0.00139
1.16,0.00105
1.17,0.00134
1.18,0.00159
1.19,0.00081
1.2,0.00111
1.21,0.00142
1.22,0.00109
1.23,0.00129
1.24,0.00116
1.25,0.00114
1.26,0.00165
1.27,0.00112
1.28,0.00118
1.29,0.0017
1.3,0.00104
1.31,0.0011
1.32,0.00119
1.33,0.00109
1.34,0.00152
1.35,0.00119
1.36,0.00087
1.37,0.00146
1.38,0.00131
1.39,0.00128
1.4,0.00156
1.41,0.00108
1.42,0.00135
1.43,0.00127
1.44,0.00085
1.45,0.00141
1.46,0.00129
1.47,0.00103
1.48,0.00147
1.49,0.00119
1.5,0.00126
1.51,0.00155
1.52,0.00107
1.53,0.00151
1.54,0.00148
1.55,0.00089
1.56,0.00135
1.57,0.00126
1.58,0.00113
1.59,0.00133
1.6,0.0009
1.61,0.00132
1.62,0.0017
1.63,0.00113
1.64,0.00121
1.65,0.00139
1.66,0.00115
1.67,0.00159
1.68,0.00114
1.69,0.001
1.7,0.00142
1.71,0.00105
1.72,0.00118
1.73,0.00151
1.74,0.00112
1.75,0.00133
1.76,0.0013
1.77,0.00096
1.78,0.0016
1.79,0.0013
1.8,0.00094
1.81,0.00149
1.82,0.00107
1.83,0.00119
1.84,0.00136
1.85,0.00093
1.86,0.00133
1.87,0.00142
1.88,0.00103
1.89,0.00141
1.9,0.00125
1.91,0.00095
1.92,0.00139
1.93,0.00105
1.94,0.00133
1.95,0.00142
1.96,0.00079
1.97,0.00121
1.98,0.00137
1.99,0.00106
2,0.0013
2.01,0.00115
2.02,0.00112
2.03,0.0015
2.04,0.00082
2.05,0.00108
2.06,0.00155
2.07,0.00109
2.08,0.0012
2.09,0.00127
2.1,0.00106
2.11,0.00143
2.12,0.00113
2.13,0.00102
2.14,0.00156
2.15,0.00102
2.16,0.00103
2.17,0.00137
2.18,0.00106
2.19,0.0013
2.2,0.00114
2.21,0.001
2.22,0.00159
2.23,0.0012
2.24,0.00091
2.25,0.00137
2.26,0.00117
2.27,0.00128
2.28,0.0013
2.29,0.0008
2.3,0.00138
2.31,0.00137
2.32,0.00111
2.33,0.00155
2.34,0.00131
2.35,0.00092
2.36,0.0013
2.37,0.00107
2.38,0.00137
2.39,0.00142
2.4,0.00069
2.41,0.00138
2.42,0.00157
2.43,0.00112
2.44,0.00129
2.45,0.00116
2.46,0.00128
2.47,0.00148
2.48,0.00085
2.49,0.00108
2.5,0.00148
2.51,0.00092
2.52,0.00119
2.53,0.00116
2.54,0.0011
2.55,0.0016
2.56,0.00121
2.57,0.00113
2.58,0.00162
2.59,0.00116
2.6,0.00115
2.61,0.00145
2.62,0.00091
2.63,0.00121
2.64,0.0011
2.65,0.00096
2.66,0.00169
2.67,0.0012
2.68,0.00091
2.69,0.00142
2.7,0.00133
2.71,0.00145
2.72,0.00127
2.73,0.00075
2.74,0.00131
2.75,0.00139
2.76,0.00094
2.77,0.00142
2.78,0.00117
2.79,0.00122
2.8,0.00155
2.81,0.00118
2.82,0.0014
2.83,0.00145
2.84,0.00081
2.85,0.00127
2.86,0.00148
2.87,0.00107
2.88,0.00123
2.89,0.00089
2.9,0.00111
2.91,0.00173
2.92,0.00114
2.93,0.0013
2.94,0.00161
2.95,0.00114
2.96,0.00133
2.97,0.0013
2.98,0.00118
2.99,0.00155
3,0.00094
3.01,0.00087
3.02,0.00162
3.03,0.00124
3.04,0.00124
3.05,0.00133
3.06,0.0011
3.07,0.00165
3.08,0.00143
3.09,0.00094
3.1,0.0015
3.11,0.00125
3.12,0.00109
3.13,0.00141
3.14,0.00105
3.15,0.0013
3.16,0.00152
3.17,0.00094
3.18,0.00137
3.19,0.00155
3.2,0.00128
3.21,0.00154
3.22,0.00105
3.23,0.00101
3.24,0.00154
3.25,0.0012
3.26,0.00127
3.27,0.00142
3.28,0.00085
3.29,0.00129
3.3,0.00147
3.31,0.00127
3.32,0.00155
3.33,0.00096
3.34,0.00106
3.35,0.00171
3.36,0.00135
3.37,0.00116
3.38,0.00127
3.39,0.00102
3.4,0.00151
3.41,0.00132
3.42,0.00092
3.43,0.00142
3.44,0.00123
3.45,0.00122
3.46,0.00154
3.47,0.00114
3.48,0.0012
3.49,0.00143
3.5,0.00113
3.51,0.00157
3.52,0.00142
3.53,0.00083
3.54,0.00141
3.55,0.00123
3.56,0.00122
3.57,0.00143
3.58,0.00107
3.59,0.00133
3.6,0.00156
3.61,0.001
3.62,0.00136
3.63,0.00153
3.64,0.0011
3.65,0.00141
3.66,0.00105
3.67,0.0012
3.68,0.00158
3.69,0.00097
3.7,0.00114
3.71,0.00154
3.72,0.00113
3.73,0.00128
3.74,0.00143
3.75,0.00116
3.76,0.00162
3.77,0.00108
3.78,0.00116
3.79,0.00168
3.8,0.00106
3.81,0.00094
3.82,0.00132
3.83,0.00122
3.84,0.00146
3.85,0.00127
3.86,0.00087
3.87,0.00167
3.88,0.00141
3.89,0.0011
3.9,0.00155
3.91,0.00117
3.92,0.00125
3.93,0.00132
3.94,0.00098
3.95,0.00145
3.96,0.00141
3.97,0.00092
3.98,0.00141
3.99,0.00134
4,0.0012
4.01,0.00162
4.02,0.00105
4.03,0.00135
4.04,0.00149
4.05,0.00102
4.06,0.00136
4.07,0.00141
4.08,0.00099
4.09,0.00133
4.1,0.00131
4.11,0.00127
4.12,0.00166
4.13,0.00097
4.14,0.00124
4.15,0.00171
4.16,0.00118
4.17,0.00119
4.18,0.00117
4.19,0.00119
4.2,0.00161
4.21,0.00128
4.22,0.00096
4.23,0.00159
4.24,0.00115
4.25,0.00131
4.26,0.00149
4.27,0.00107
4.28,0.0014
4.29,0.00134
4.3,0.00101
4.31,0.00155
4.32,0.00135
4.33,0.00111
4.34,0.00152
4.35,0.0012
4.36,0.00134
4.37,0.00151
4.38,0.0009
4.39,0.00141
4.4,0.00144
4.41,0.0011
4.42,0.00141
4.43,0.00118
4.44,0.00117
4.45,0.00156
4.46,0.00114
4.47,0.00133
4.48,0.00164
4.49,0.00103
4.5,0.00129
4.51,0.00136
4.52,0.00112
4.53,0.0015
4.54,0.00123
4.55,0.00109
4.56,0.00154
4.57,0.00111
4.58,0.00125
4.59,0.00166
4.6,0.00121
4.61,0.00125
4.62,0.00125
4.63,0.00104
4.64,0.00169
4.65,0.00135
4.66,0.0009
4.67,0.00146
4.68,0.00128
4.69,0.00146
4.7,0.00145
4.71,0.00091
4.72,0.00142
4.73,0.00154
4.74,0.00106
4.75,0.00148
4.76,0.00121
4.77,0.00106
4.78,0.00153
4.79,0.00112
4.8,0.00138
4.81,0.0015
4.82,0.00092
4.83,0.00137
4.84,0.00159
4.85,0.0012
4.86,0.00138
4.87,0.00118
4.88,0.00107
4.89,0.00159
4.9,0.00111
4.91,0.00124
4.92,0.0015
4.93,0.00107
4.94,0.00138
4.95,0.00146
4.96,0.00115
4.97,0.00152
4.98,0.00119
4.99,0.0011
5,0.00165
5.01,0.00117
5.02,0.00108
5.03,0.00145
5.04,0.00103
5.05,0.00153
5.06,0.00141
5.07,0.00109
5.08,0.00149
5.09,0.0013
5.1,0.00106
5.11,0.00162
5.12,0.00125
5.13,0.0012
5.14,0.00134
5.15,0.00093
5.16,0.00148
5.17,0.00143
5.18,0.00104
5.19,0.00143
5.2,0.00151
5.21,0.00122
5.22,0.00143
5.23,0.00109
5.24,0.0013
5.25,0.0016
5.26,0.00088
5.27,0.00129
5.28,0.0015
5.29,0.00114
5.3,0.00127
5.31,0.00123
5.32,0.00133
5.33,0.00182
5.34,0.00115
5.35,0.00101
5.36,0.00165
5.37,0.00112
5.38,0.00133
5.39,0.00125
5.4,0.00109
5.41,0.00155
5.42,0.00128
5.43,0.00101
5.44,0.00163
5.45,0.00125
5.46,0.00119
5.47,0.00158
5.48,0.00127
5.49,0.00141
5.5,0.00117
5.51,0.00094
5.52,0.0018
5.53,0.00146
5.54,0.00092
5.55,0.00128
5.56,0.00134
5.57,0.0014
5.58,0.00154
5.59,0.00093
5.6,0.00149
5.61,0.00169
5.62,0.00094
5.63,0.00126
5.64,0.00131
5.65,0.00131
5.66,0.00157
5.67,0.00103
5.68,0.00114
5.69,0.00166
5.7,0.00104
5.71,0.00131
5.72,0.00155
5.73,0.00118
5.74,0.00149
5.75,0.00126
5.76,0.00122
5.77,0.00169
5.78,0.00107
5.79,0.00107
5.8,0.00169
5.81,0.00127
5.82,0.0013
5.83,0.00133
5.84,0.00113
5.85,0.00164
5.86,0.00139
5.87,0.00109
5.88,0.00157
5.89,0.00121
5.9,0.00117
5.91,0.00155
5.92,0.00124
5.93,0.00145
5.94,0.00143
5.95,0.00092
5.96,0.00154
5.97,0.0016
5.98,0.00128
5.99,0.00144
6,0.00113
6.01,0.00128
6.02,0.00168
6.03,0.00119
6.04,0.00137
6.05,0.00145
6.06,0.00103
6.07,0.00155
6.08,0.00154
6.09,0.00116
6.1,0.00147
6.11,0.00114
6.12,0.00135
6.13,0.00181
6.14,0.00117
6.15,0.00126
6.16,0.00143
6.17,0.00112
6.18,0.0017
6.19,0.00148
6.2,0.00112
6.21,0.00146
6.22,0.00121
6.23,0.00142
6.24,0.00167
6.25,0.00114
6.26,0.00131
6.27,0.00158
6.28,0.00114
6.29,0.00155
6.3,0.00136
6.31,0.00113
6.32,0.0016
6.33,0.00128
6.34,0.00128
6.35,0.00161
6.36,0.00121
6.37,0.00145
6.38,0.00161
6.39,0.00099
6.4,0.00153
6.41,0.00144
6.42,0.00125
6.43,0.00152
6.44,0.00117
6.45,0.00131
6.46,0.00175
6.47,0.00118
6.48,0.00131
6.49,0.0015
6.5,0.00112
6.51,0.00163
6.52,0.00152
6.53,0.00128
6.54,0.00153
6.55,0.00108
6.56,0.00119
6.57,0.00168
6.58,0.0012
6.59,0.00132
6.6,0.00155
6.61,0.00128
6.62,0.00158
6.63,0.00134
6.64,0.00118
6.65,0.0018
6.66,0.00125
6.67,0.00115
6.68,0.00149
6.69,0.00122
6.7,0.0014
6.71,0.0015
6.72,0.00111
6.73,0.00158
6.74,0.00148
6.75,0.0012
6.76,0.00175
6.77,0.00126
6.78,0.0013
6.79,0.00158
6.8,0.00125
6.81,0.00139
6.82,0.00136
6.83,0.00094
6.84,0.00158
6.85,0.0017
6.86,0.00119
6.87,0.00151
6.88,0.00117
6.89,0.00145
6.9,0.00186
6.91,0.0012
6.92,0.00133
6.93,0.00147
6.94,0.00118
6.95,0.00151
6.96,0.00136
6.97,0.00108
6.98,0.00165
6.99,0.00121
7,0.00132
7.01,0.00176
7.02,0.00124
7.03,0.0013
7.04,0.00148
7.05,0.00131
7.06,0.00167
7.07,0.00138
7.08,0.00082
7.09,0.0016
7.1,0.00145
7.11,0.00132
7.12,0.00152
7.13,0.00111
7.14,0.0015
7.15,0.00155
7.16,0.00113
7.17,0.00154
7.18,0.00161
7.19,0.00119
7.2,0.00158
7.21,0.00121
7.22,0.0012
7.23,0.00157
7.24,0.00115
7.25,0.00145
7.26,0.00151
7.27,0.00106
7.28,0.0016
7.29,0.00164
7.3,0.00126
7.31,0.00159
7.32,0.00128
7.33,0.00137
7.34,0.00164
7.35,0.00097
7.36,0.00121
7.37,0.0016
7.38,0.0012
7.39,0.00157
7.4,0.00141
7.41,0.00124
7.42,0.00166
7.43,0.00139
7.44,0.00134
7.45,0.0018
7.46,0.00118
7.47,0.00121
7.48,0.00135
7.49,0.00109
7.5,0.00166
7.51,0.00144
7.52,0.00106
7.53,0.00164
7.54,0.00146
7.55,0.00145
7.56,0.00166
7.57,0.00117
7.58,0.00138
7.59,0.00169
7.6,0.00113
7.61,0.00138
7.62,0.00128
7.63,0.00111
7.64,0.00162
7.65,0.00145
7.66,0.00131
7.67,0.00168
7.68,0.00123
7.69,0.00149
7.7,0.00176
7.71,0.00133
7.72,0.0015
7.73,0.00127
7.74,0.00103
7.75,0.00159
7.76,0.00129
7.77,0.00129
7.78,0.00176
7.79,0.00121
7.8,0.00134
7.81,0.00167
7.82,0.00139
7.83,0.00166
7.84,0.00133
7.85,0.0011
7.86,0.0018
7.87,0.00141
7.88,0.00101
7.89,0.00142
7.9,0.00124
7.91,0.0016
7.92,0.00157
7.93,0.00118
7.94,0.00169
7.95,0.00151
7.96,0.00112
7.97,0.00168
7.98,0.00158
7.99,0.00118
8,0.00144
8.01,0.00104
8.02,0.00159
8.03,0.00171
8.04,0.00109
8.05,0.00153
8.06,0.00164
8.07,0.00121
8.08,0.00159
8.09,0.00143
8.1,0.00128
8.11,0.00166
8.12,0.00103
8.13,0.00143
8.14,0.00175
8.15,0.00116
8.16,0.00137
8.17,0.00143
8.18,0.00137
8.19,0.00176
8.2,0.00139
8.21,0.0012
8.22,0.00163
8.23,0.00113
8.24,0.00137
8.25,0.00162
8.26,0.00123
8.27,0.00146
8.28,0.00133
8.29,0.0013
8.3,0.00182
8.31,0.00145
8.32,0.00109
8.33,0.00169
8.34,0.00131
8.35,0.00143
8.36,0.00139
8.37,0.00095
8.38,0.00166
8.39,0.00164
8.4,0.0012
8.41,0.00151
8.42,0.00149
8.43,0.00138
8.44,0.00161
8.45,0.0011
8.46,0.00146
8.47,0.00176
8.48,0.00101
8.49,0.00132
8.5,0.00146
8.51,0.00139
8.52,0.00168
8.53,0.0013
8.54,0.00128
8.55,0.00177
8.56,0.00128
8.57,0.0013
8.58,0.00175
8.59,0.00119
8.6,0.00149
8.61,0.00128
8.62,0.00124
8.63,0.00175
8.64,0.00134
8.65,0.00115
8.66,0.00165
8.67,0.00147
8.68,0.00146
8.69,0.00153
8.7,0.00103
8.71,0.0016
8.72,0.00158
8.73,0.00117
8.74,0.00157
8.75,0.00129
8.76,0.00127
8.77,0.00161
8.78,0.00133
8.79,0.00149
8.8,0.00163
8.81,0.00106
8.82,0.00157
8.83,0.00171
8.84,0.00119
8.85,0.00141
8.86,0.00122
8.87,0.00141
8.88,0.00181
8.89,0.00119
8.9,0.00124
8.91,0.00162
8.92,0.00124
8.93,0.0016
8.94,0.00164
8.95,0.00123
8.96,0.00154
8.97,0.00115
8.98,0.00143
8.99,0.0019
9,0.00124
9.01,0.0011
9.02,0.00156
9.03,0.0014
9.04,0.00173
9.05,0.00134
9.06,0.00109
9.07,0.00182
9.08,0.00146
9.09,0.00128
9.1,0.00167
9.11,0.00139
9.12,0.00138
9.13,0.00162
9.14,0.00119
9.15,0.00161
9.16,0.00148
9.17,0.00113
9.18,0.00172
9.19,0.00146
9.2,0.00128
9.21,0.00164
9.22,0.00137
9.23,0.00153
9.24,0.00161
9.25,0.00108
9.26,0.00165
9.27,0.00178
9.28,0.00117
9.29,0.0014
9.3,0.00123
9.31,0.00143
9.32,0.00181
9.33,0.00125
9.34,0.00138
9.35,0.00169
9.36,0.00125
9.37,0.00155
9.38,0.00171
9.39,0.00127
9.4,0.00161
9.41,0.00118
9.42,0.00132
9.43,0.00177
9.44,0.00126
9.45,0.00121
9.46,0.00164
9.47,0.00141
9.48,0.00175
9.49,0.00154
9.5,0.00113
9.51,0.00177
9.52,0.00139
9.53,0.00135
9.54,0.00169
9.55,0.00132
9.56,0.00135
9.57,0.00146
9.58,0.0012
9.59,0.00175
9.6,0.00171
9.61,0.00108
9.62,0.00168
9.63,0.00157
9.64,0.00146
9.65,0.00158
9.66,0.00119
9.67,0.00149
9.68,0.00174
9.69,0.00112
9.7,0.00135
9.71,0.00163
9.72,0.00131
9.73,0.00172
9.74,0.0014
9.75,0.00129
9.76,0.00176
9.77,0.00127
9.78,0.00148
9.79,0.0017
9.8,0.00122
9.81,0.00135
9.82,0.00159
9.83,0.00131
9.84,0.00177
9.85,0.00129
9.86,0.00118
9.87,0.00194
9.88,0.00146
9.89,0.00134
9.9,0.00147
9.91,0.00138
9.92,0.00169
9.93,0.00153
9.94,0.00092
9.95,0.00166
9.96,0.0016
9.97,0.00133
9.98,0.00158
9.99,0.00125
10,0.0016
10.01,0.00172
10.02,0.00116
10.03,0.00148
10.04,0.00169
10.05,0.00122
10.06,0.00155
10.07,0.00138
10.08,0.00122
10.09,0.0017
10.1,0.00126
10.11,0.0015
10.12,0.00168
10.13,0.00111
10.14,0.00144
10.15,0.00167
10.16,0.00133
10.17,0.00161
10.18,0.00125
10.19,0.00125
10.2,0.00182
10.21,0.00126
10.22,0.00124
10.23,0.00167
10.24,0.0013
10.25,0.00161
10.26,0.00152
10.27,0.00105
10.28,0.00157
10.29,0.00157
10.3,0.00132
10.31,0.00175
10.32,0.00117
10.33,0.00127
10.34,0.00169
10.35,0.00132
10.36,0.00155
10.37,0.00151
10.38,0.00115
10.39,0.00166
10.4,0.00152
10.41,0.00122
10.42,0.0016
10.43,0.00138
10.44,0.0015
10.45,0.00169
10.46,0.00109
10.47,0.00148
10.48,0.00168
10.49,0.00127
10.5,0.00148
10.51,0.00144
10.52,0.00139
10.53,0.00185
10.54,0.00121
10.55,0.00117
10.56,0.00179
10.57,0.0014
10.58,0.00161
10.59,0.00145
10.6,0.00106
10.61,0.00153
10.62,0.00163
10.63,0.00145
10.64,0.00171
10.65,0.00115
10.66,0.00126
10.67,0.00189
10.68,0.00147
10.69,0.00145
10.7,0.00133
10.71,0.00124
10.72,0.00184
10.73,0.00147
10.74,0.00101
10.75,0.00165
10.76,0.00145
10.77,0.00143
10.78,0.00165
10.79,0.0013
10.8,0.00165
10.81,0.0016
10.82,0.00107
10.83,0.00164
10.84,0.00162
10.85,0.00126
10.86,0.00158
10.87,0.00127
10.88,0.00144
10.89,0.00174
10.9,0.00123
10.91,0.00157
10.92,0.00169
10.93,0.00116
10.94,0.00156
10.95,0.00154
10.96,0.00148
10.97,0.00173
10.98,0.00103
10.99,0.00128
11,0.00192
11.01,0.00148
11.02,0.00145
11.03,0.00135
11.04,0.00129
11.05,0.00189
11.06,0.00149
11.07,0.00105
11.08,0.0016
11.09,0.00148
11.1,0.00152
11.11,0.00173
11.12,0.00121
11.13,0.00152
11.14,0.00151
11.15,0.00125
11.16,0.00171
11.17,0.00152
11.18,0.00122
11.19,0.00163
11.2,0.00136
11.21,0.00145
11.22,0.00171
11.23,0.0012
11.24,0.00172
11.25,0.00154
11.26,0.00119
11.27,0.00158
11.28,0.0016
11.29,0.00139
11.3,0.00169
11.31,0.00117
11.32,0.00133
11.33,0.00189
11.34,0.00133
11.35,0.00149
11.36,0.00149
11.37,0.00134
11.38,0.00183
11.39,0.00153
11.4,0.00127
11.41,0.00157
11.42,0.00128
11.43,0.00139
11.44,0.0019
11.45,0.00137
11.46,0.00152
11.47,0.00137
11.48,0.00127
11.49,0.00198
11.5,0.00165
11.51,0.00121
11.52,0.00156
11.53,0.00144
11.54,0.0015
11.55,0.0017
11.56,0.00113
11.57,0.00161
11.58,0.00169
11.59,0.00122
11.6,0.00175
11.61,0.00157
11.62,0.00142
11.63,0.00163
11.64,0.00143
11.65,0.00152
11.66,0.0018
11.67,0.00107
11.68,0.00144
11.69,0.0017
11.7,0.00136
11.71,0.00178
11.72,0.00148
11.73,0.0015
11.74,0.0017
11.75,0.0013
11.76,0.00152
11.77,0.00193
11.78,0.00124
11.79,0.00139
11.8,0.0016
11.81,0.00133
11.82,0.00176
11.83,0.0013
11.84,0.00132
11.85,0.0019
11.86,0.00154
11.87,0.00134
11.88,0.00173
11.89,0.00143
11.9,0.00164
11.91,0.00161
11.92,0.00107
11.93,0.00168
11.94,0.00153
11.95,0.0013
11.96,0.00173
11.97,0.00145
11.98,0.00151
11.99,0.00178
12,0.00138
12.01,0.00166
12.02,0.00173
12.03,0.00121
12.04,0.00175
12.05,0.00151
12.06,0.00121
12.07,0.0016
12.08,0.00147
12.09,0.00154
12.1,0.00174
12.11,0.0012
12.12,0.00162
12.13,0.00194
12.14,0.00136
12.15,0.00166
12.16,0.00151
12.17,0.00142
12.18,0.00181
12.19,0.00129
12.2,0.00136
12.21,0.00177
12.22,0.00134
12.23,0.00155
12.24,0.00181
12.25,0.00143
12.26,0.00169
12.27,0.00139
12.28,0.00141
12.29,0.00203
12.3,0.00148
12.31,0.00112
12.32,0.00163
12.33,0.0016
12.34,0.00179
12.35,0.0016
12.36,0.00109
12.37,0.00182
12.38,0.00181
12.39,0.00129
12.4,0.00166
12.41,0.00147
12.42,0.00151
12.43,0.0018
12.44,0.00129
12.45,0.00154
12.46,0.00177
12.47,0.00128
12.48,0.00175
12.49,0.00165
12.5,0.00136
12.51,0.00171
12.52,0.00141
12.53,0.00155
12.54,0.00184
12.55,0.00134
12.56,0.00152
12.57,0.00183
12.58,0.00133
12.59,0.00168
12.6,0.00148
12.61,0.00145
12.62,0.00188
12.63,0.00142
12.64,0.00126
12.65,0.00173
12.66,0.00154
12.67,0.00161
12.68,0.00169
12.69,0.0013
12.7,0.00185
12.71,0.00168
12.72,0.00122
12.73,0.00179
12.74,0.00156
12.75,0.00148
12.76,0.00164
12.77,0.00127
12.78,0.0016
12.79,0.00178
12.8,0.00109
12.81,0.00176
12.82,0.00181
12.83,0.00143
12.84,0.00164
12.85,0.00138
12.86,0.00154
12.87,0.00179
12.88,0.0013
12.89,0.00153
12.9,0.00185
12.91,0.00127
12.92,0.00151
12.93,0.00171
12.94,0.00152
12.95,0.00182
12.96,0.00124
12.97,0.00141
12.98,0.00188
12.99,0.00136
13,0.0014
13.01,0.00173
13.02,0.00144
13.03,0.00167
13.04,0.00162
13.05,0.00129
13.06,0.00192
13.07,0.00141
13.08,0.00143
13.09,0.00182
13.1,0.00139
13.11,0.00138
13.12,0.00157
13.13,0.00139
13.14,0.00181
13.15,0.0016
13.16,0.00114
13.17,0.00189
13.18,0.00162
13.19,0.00154
13.2,0.00169
13.21,0.00133
13.22,0.00165
13.23,0.0017
13.24,0.00122
13.25,0.00158
13.26,0.00164
13.27,0.00134
13.28,0.00188
13.29,0.00151
13.3,0.00147
13.31,0.00174
13.32,0.0013
13.33,0.00168
13.34,0.00184
13.35,0.00132
13.36,0.00146
13.37,0.00163
13.38,0.00141
13.39,0.00182
13.4,0.00135
13.41,0.00133
13.42,0.00193
13.43,0.00144
13.44,0.00154
13.45,0.0016
13.46,0.00141
13.47,0.0018
13.48,0.0016
13.49,0.00118
13.5,0.00175
13.51,0.0015
13.52,0.00141
13.53,0.00186
13.54,0.0013
13.55,0.00161
13.56,0.00168
13.57,0.00134
13.58,0.00171
13.59,0.00157
13.6,0.0012
13.61,0.00182
13.62,0.00161
13.63,0.00146
13.64,0.00159
13.65,0.00118
13.66,0.00182
13.67,0.00194
13.68,0.00124
13.69,0.00147
13.7,0.00151
13.71,0.00149
13.72,0.00184
13.73,0.00142
13.74,0.00135
13.75,0.00181
13.76,0.00125
13.77,0.00161
13.78,0.00184
13.79,0.00139
13.8,0.00157
13.81,0.00154
13.82,0.00143
13.83,0.00185
13.84,0.00143
13.85,0.00124
13.86,0.0019
13.87,0.00145
13.88,0.0016
13.89,0.00166
13.9,0.00132
13.91,0.00161
13.92,0.0015
13.93,0.0013
13.94,0.00187
13.95,0.0015
13.96,0.00123
13.97,0.0017
13.98,0.00141
13.99,0.00182
14,0.00173
14.01,0.0012
14.02,0.00167
14.03,0.00171
14.04,0.00131
14.05,0.00164
14.06,0.00145
14.07,0.0014
14.08,0.0018
14.09,0.00114
14.1,0.0016
14.11,0.00184
14.12,0.00136
14.13,0.00162
14.14,0.00167
14.15,0.00147
14.16,0.00178
14.17,0.00137
14.18,0.00127
14.19,0.00194
14.2,0.00137
14.21,0.00152
14.22,0.00153
14.23,0.00129
14.24,0.00183
14.25,0.00157
14.26,0.00132
14.27,0.00184
14.28,0.00161
14.29,0.0013
14.3,0.00166
14.31,0.00133
14.32,0.00171
14.33,0.00173
14.34,0.00117
14.35,0.00167
14.36,0.00164
14.37,0.00138
14.38,0.0017
14.39,0.00158
14.4,0.00138
14.41,0.00171
14.42,0.00131
14.43,0.00173
14.44,0.00175
14.45,0.00106
14.46,0.00169
14.47,0.00174
14.48,0.00147
14.49,0.00157
14.5,0.00141
14.51,0.0016
14.52,0.00199
14.53,0.00122
14.54,0.00138
14.55,0.00177
14.56,0.0013
14.57,0.00171
14.58,0.00162
14.59,0.00142
14.6,0.00176
14.61,0.00144
14.62,0.00151
14.63,0.00189
14.64,0.00137
14.65,0.00135
14.66,0.00184
14.67,0.00134
14.68,0.00166
14.69,0.00145
14.7,0.00152
14.71,0.00197
14.72,0.00152
14.73,0.00124
14.74,0.00182
14.75,0.00163
14.76,0.00153
14.77,0.00166
14.78,0.00122
14.79,0.00189
14.8,0.0016
14.81,0.00123
14.82,0.0018
14.83,0.00166
14.84,0.00143
14.85,0.00171
14.86,0.00148
14.87,0.00159
14.88,0.00178
14.89,0.0012
14.9,0.00181
14.91,0.00167
14.92,0.00127
14.93,0.00165
14.94,0.0017
14.95,0.00164
14.96,0.00177
14.97,0.0013
14.98,0.00156
14.99,0.0019
15,0.00136
15.01,0.00174
15.02,0.0017
15.03,0.0013
15.04,0.00173
15.05,0.00155
15.06,0.00153
15.07,0.00189
15.08,0.00136
15.09,0.00152
15.1,0.00189
15.11,0.00141
15.12,0.00165
15.13,0.00163
15.14,0.00137
15.15,0.00194
15.16,0.00159
15.17,0.00137
15.18,0.00166
15.19,0.00157
15.2,0.00174
15.21,0.00186
15.22,0.00121
15.23,0.00167
15.24,0.00183
15.25,0.00136
15.26,0.00172
15.27,0.00158
15.28,0.0016
15.29,0.00187
15.3,0.00134
15.31,0.00158
15.32,0.002
15.33,0.00141
15.34,0.00157
15.35,0.00164
15.36,0.00137
15.37,0.00186
15.38,0.00151
15.39,0.00139
15.4,0.00193
15.41,0.00159
15.42,0.00155
15.43,0.00186
15.44,0.00144
15.45,0.00175
15.46,0.00171
15.47,0.00133
15.48,0.00187
15.49,0.00152
15.5,0.0013
15.51,0.00179
15.52,0.00158
15.53,0.00163
15.54,0.00182
15.55,0.00144
15.56,0.00185
15.57,0.00183
15.58,0.00131
15.59,0.00187
15.6,0.00162
15.61,0.00133
15.62,0.00164
15.63,0.00153
15.64,0.00169
15.65,0.0018
15.66,0.00123
15.67,0.00173
15.68,0.00201
15.69,0.00145
15.7,0.00178
15.71,0.0016
15.72,0.00153
15.73,0.00182
15.74,0.00134
15.75,0.00157
15.76,0.00189
15.77,0.00136
15.78,0.00151
15.79,0.0018
15.8,0.00152
15.81,0.00197
15.82,0.00146
15.83,0.00143
15.84,0.00202
15.85,0.00161
15.86,0.00137
15.87,-0.00473
15.88,-0.02236
15.89,-0.05356
15.9,-0.12778
15.91,-0.26364
15.92,-0.48677
15.93,-0.80591
15.94,-1.22657
15.95,-1.73009
15.96,-2.31718
15.97,-2.97623
15.98,-3.65144
15.99,-4.36374
16,-5.06797
16.01,-5.77191
16.02,-6.52268
16.03,-7.34029
16.04,-8.26733
16.05,-9.26353
16.06,-10.25651
16.07,-11.26641
16.08,-12.24552
16.09,-13.2475
16.1,-14.23579
16.11,-15.23445
16.12,-16.21885
16.13,-17.22513
16.14,-18.2062
16.15,-19.21013
16.16,-20.195
16.17,-21.19994
16.18,-22.18441
16.19,-23.19281
16.2,-24.17628
16.21,-25.18362
16.22,-26.16214
16.23,-27.16914
16.24,-28.14619
16.25,-29.15068
16.26,-30.12961
16.27,-31.14065
16.28,-32.1238
16.29,-33.12998
16.3,-34.10257
16.31,-35.12026
16.32,-36.09608
16.33,-37.11338
16.34,-38.08952
16.35,-39.09447
16.36,-40.06891
16.37,-41.07473
16.38,-42.05644
16.39,-43.06811
16.4,-44.04379
16.41,-45.05081
16.42,-46.02678
16.43,-47.03385
16.44,-48.01778
16.45,-49.02013
16.46,-49.99362
16.47,-51.00505
16.48,-51.98321
16.49,-52.98898
16.5,-53.97015
16.51,-54.97604
16.52,-55.95939
16.53,-56.96556
16.54,-57.9515
16.55,-58.9634
16.56,-59.9401
16.57,-60.94961
16.58,-61.93047
16.59,-62.94391
16.6,-63.9315
16.61,-64.93931
16.62,-65.91412
16.63,-66.92953
16.64,-67.91335
16.65,-68.92035
16.66,-69.89267
16.67,-70.90385
16.68,-71.8516
16.69,-72.74312
16.7,-73.52871
16.71,-74.25054
16.72,-74.95434
16.73,-75.65271
16.74,-76.34439
16.75,-77.02517
16.76,-77.64729
16.77,-78.20531
16.78,-78.68567
16.79,-79.07501
16.8,-79.38
16.81,-79.59131
16.82,-79.73123
16.83,-79.82116
16.84,-79.86082
16.85,-79.85505
16.86,-79.85758
16.87,-79.85777
16.88,-79.85582
16.89,-79.85605
16.9,-79.85686
16.91,-79.85936
16.92,-79.8584
16.93,-79.85722
16.94,-79.85397
16.95,-79.85525
16.96,-79.85779
16.97,-79.86031
16.98,-79.85906
16.99,-79.85685
17,-79.85477
17.01,-79.85638
17.02,-79.85823
17.03,-79.85927
17.04,-79.85838
17.05,-79.85722
17.06,-79.85636
17.07,-79.85677
17.08,-79.85679
17.09,-79.85826
17.1,-79.85797
17.11,-79.84464
17.12,-79.8244
17.13,-79.76212
17.14,-79.64005
17.15,-79.44515
17.16,-79.14551
17.17,-78.74904
17.18,-78.2655
17.19,-77.69124
17.2,-77.06332
17.21,-76.37375
17.22,-75.68322
17.23,-74.98897
17.24,-74.27041
17.25,-73.54505
17.26,-72.7319
17.27,-71.8293
17.28,-70.86453
17.29,-69.85239
17.3,-68.8729
17.31,-67.87539
17.32,-66.89003
17.33,-65.88118
17.34,-64.89706
17.35,-63.8897
17.36,-62.90744
17.37,-61.89441
17.38,-60.91219
17.39,-59.89895
17.4,-58.92227
17.41,-57.91257
17.42,-56.92994
17.43,-55.91984
17.44,-54.93849
17.45,-53.92941
17.46,-52.94946
17.47,-51.94191
17.48,-50.96465
17.49,-49.95809
17.5,-48.97894
17.51,-47.9732
17.52,-46.98921
17.53,-45.98783
17.54,-45.01469
17.55,-44.00798
17.56,-43.02636
17.57,-42.02134
17.58,-41.04035
17.59,-40.03988
17.6,-39.05921
17.61,-38.07559
17.62,-37.19856
17.63,-36.38098
17.64,-35.6684
17.65,-34.9662
17.66,-34.26358
17.67,-33.55773
17.68,-32.88562
17.69,-32.24164
17.7,-31.68397
17.71,-31.19703
17.72,-30.7937
17.73,-30.48513
17.74,-30.26268
17.75,-30.10788
17.76,-30.02164
17.77,-29.9728
17.78,-29.97954
17.79,-29.98165
17.8,-29.98526
17.81,-29.98594
17.82,-29.98211
17.83,-29.97912
17.84,-29.97759
17.85,-29.97972
17.86,-29.98313
17.87,-29.98597
17.88,-29.98428
17.89,-29.97952
17.9,-29.97553
17.91,-29.97724
17.92,-29.98234
17.93,-29.98502
17.94,-29.98427
17.95,-29.98057
17.96,-29.97838
17.97,-29.97903
17.98,-29.98019
17.99,-29.98247
18,-29.98363
18.01,-29.98344
18.02,-29.98096
18.03,-29.97916
18.04,-29.98364
18.05,-29.99959
18.06,-30.03828
18.07,-30.12089
18.08,-30.27847
18.09,-30.52579
18.1,-30.86683
18.11,-31.31115
18.12,-31.8349
18.13,-32.45356
18.14,-33.10643
18.15,-33.79374
18.16,-34.49499
18.17,-35.20417
18.18,-35.91244
18.19,-36.68304
18.2,-37.53574
18.21,-38.47236
18.22,-39.47055
18.23,-40.45995
18.24,-41.45951
18.25,-42.44712
18.26,-43.4442
18.27,-44.43124
18.28,-45.42914
18.29,-46.40501
18.3,-47.41282
18.31,-48.401
18.32,-49.4038
18.33,-50.38164
18.34,-51.38558
18.35,-52.36166
18.36,-53.37086
18.37,-54.35232
18.38,-55.36114
18.39,-56.34621
18.4,-57.35386
18.41,-58.33389
18.42,-59.33859
18.43,-60.31849
18.44,-61.33772
18.45,-62.31982
18.46,-63.33292
18.47,-64.31027
18.48,-65.3148
18.49,-66.29876
18.5,-67.31673
18.51,-68.29665
18.52,-69.29718
18.53,-70.2763
18.54,-71.28168
18.55,-72.25988
18.56,-73.26685
18.57,-74.24724
18.58,-75.26127
18.59,-76.22936
18.6,-77.24288
18.61,-78.21995
18.62,-79.22843
18.63,-80.20842
18.64,-81.21912
18.65,-82.19309
18.66,-83.20804
18.67,-84.18494
18.68,-85.19688
18.69,-86.1755
18.7,-87.18194
18.71,-88.16795
18.72,-89.1852
18.73,-90.15649
18.74,-91.16957
18.75,-92.14338
18.76,-93.15696
18.77,-94.13589
18.78,-95.14527
18.79,-96.11765
18.8,-97.13241
18.81,-98.10123
18.82,-99.10846
18.83,-100.0841
18.84,-101.09722
18.85,-102.07527
18.86,-103.07723
18.87,-104.06914
18.88,-105.06487
18.89,-106.05931
18.9,-107.06743
18.91,-108.04277
18.92,-109.05502
18.93,-110.03195
18.94,-111.03771
18.95,-112.01877
18.96,-113.03014
18.97,-114.01209
18.98,-115.0148
18.99,-115.99936
19,-117.00027
19.01,-117.97359
19.02,-118.97081
19.03,-119.95087
19.04,-120.95323
19.05,-121.88482
19.06,-122.76916
19.07,-123.53485
19.08,-124.24135
19.09,-124.94699
19.1,-125.63943
19.11,-126.34215
19.12,-127.00673
19.13,-127.62208
19.14,-128.16583
19.15,-128.63184
19.16,-129.00874
19.17,-129.28726
19.18,-129.49556
19.19,-129.6216
19.2,-129.70236
19.21,-129.7322
19.22,-129.72427
19.23,-129.72258
19.24,-129.72458
19.25,-129.72343
19.26,-129.72676
19.27,-129.72655
19.28,-129.7273
19.29,-129.72513
19.3,-129.7248
19.31,-129.72184
19.32,-129.7258
19.33,-129.72777
19.34,-129.73065
19.35,-129.72714
19.36,-129.72381
19.37,-129.72317
19.38,-129.72556
19.39,-129.72803
19.4,-129.72894
19.41,-129.72601
19.42,-129.72572
19.43,-129.72522
19.44,-129.72539
19.45,-129.72545
19.46,-129.72738
19.47,-129.72565
19.48,-129.71175
19.49,-129.68316
19.5,-129.6123
19.51,-129.47996
19.52,-129.26524
19.53,-128.94466
19.54,-128.53542
19.55,-128.02182
19.56,-127.44366
19.57,-126.80741
19.58,-126.11127
19.59,-125.41866
19.6,-124.7135
19.61,-123.99546
19.62,-123.27134
19.63,-122.44421
19.64,-121.52448
19.65,-120.56372
19.66,-119.55045
19.67,-118.576
19.68,-117.57448
19.69,-116.60137
19.7,-115.5994
19.71,-114.62248
19.72,-113.62142
19.73,-112.63108
19.74,-111.62204
19.75,-110.64917
19.76,-109.63202
19.77,-108.66718
19.78,-107.64949
19.79,-106.67813
19.8,-105.65958
19.81,-104.68523
19.82,-103.66898
19.83,-102.69605
19.84,-101.67792
19.85,-100.70972
19.86,-99.69473
19.87,-98.72359
19.88,-97.70855
19.89,-96.736
19.9,-95.72368
19.91,-94.76022
19.92,-93.74245
19.93,-92.76802
19.94,-91.75786
19.95,-90.77813
19.96,-89.76731
19.97,-88.79547
19.98,-87.81337
19.99,-86.95123
20,-86.15122
20.01,-85.44618
20.02,-84.73605
20.03,-84.02919
20.04,-83.34477
20.05,-82.66352
20.06,-82.04579
20.07,-81.49259
20.08,-81.01875
20.09,-80.64127
20.1,-80.33574
20.11,-80.14235
20.12,-79.99371
20.13,-79.91957
20.14,-79.87373
20.15,-79.8832
20.16,-79.88302
20.17,-79.88744
20.18,-79.8891
20.19,-79.8857
20.2,-79.88219
20.21,-79.8798
20.22,-79.882
20.23,-79.88718
20.24,-79.88855
20.25,-79.88873
20.26,-79.88242
20.27,-79.87943
20.28,-79.88139
20.29,-79.88542
20.3,-79.8879
20.31,-79.88777
20.32,-79.88389
20.33,-79.88251
20.34,-79.88317
20.35,-79.88334
20.36,-79.88616
20.37,-79.88639
20.38,-79.88709
20.39,-79.88518
20.4,-79.88472
20.41,-79.89863
20.42,-79.92118
20.43,-79.98588
20.44,-80.11128
20.45,-80.31407
20.46,-80.61481
20.47,-81.01572
20.48,-81.50132
20.49,-82.0796
20.5,-82.72906
20.51,-83.40426
20.52,-84.1058
20.53,-84.80543
20.54,-85.51589
20.55,-86.24667
20.56,-87.06542
20.57,-87.969
20.58,-88.9592
20.59,-89.94688
20.6,-90.95389
20.61,-91.94109
20.62,-92.94028
20.63,-93.92137
20.64,-94.92688
20.65,-95.90548
20.66,-96.91242
20.67,-97.89005
20.68,-98.89146
20.69,-99.87251
20.7,-100.8795
20.71,-101.85781
20.72,-102.86252
20.73,-103.85605
20.74,-104.84831
20.75,-105.84444
20.76,-106.84882
20.77,-107.83228
20.78,-108.83036
20.79,-109.8198
20.8,-110.82021
20.81,-111.81096
20.82,-112.81354
20.83,-113.80702
20.84,-114.79363
20.85,-115.78272
20.86,-116.7833
20.87,-117.76604
20.88,-118.75859
20.89,-119.73824
20.9,-120.7312
20.91,-121.71285
20.92,-122.71322
20.93,-123.70444
20.94,-124.69362
20.95,-125.69485
20.96,-126.68127
20.97,-127.68377
20.98,-128.67103
20.99,-129.67562
21,-130.66546
21.01,-131.66669
21.02,-132.65946
21.03,-133.65804
21.04,-134.65668
21.05,-135.65494
21.06,-136.64802
21.07,-137.64168
21.08,-138.62411
21.09,-139.61953
21.1,-140.60886
21.11,-141.60049
21.12,-142.5879
21.13,-143.59405
21.14,-144.57855
21.15,-145.57517
21.16,-146.56886
21.17,-147.56762
21.18,-148.56871
21.19,-149.55907
21.2,-150.55505
21.21,-151.55072
21.22,-152.54606
21.23,-153.54744
21.24,-154.54005
21.25,-155.53829
21.26,-156.52982
21.27,-157.52234
21.28,-158.50909
21.29,-159.50131
21.3,-160.48485
21.31,-161.47613
21.32,-162.46433
21.33,-163.45849
21.34,-164.43961
21.35,-165.44209
21.36,-166.41985
21.37,-167.42301
21.38,-168.40316
21.39,-169.40503
21.4,-170.38464
21.41,-171.36598
21.42,-172.26166
21.43,-173.09038
21.44,-173.79327
21.45,-174.51626
21.46,-175.20599
21.47,-175.91249
21.48,-176.58502
21.49,-177.23442
21.5,-177.79572
21.51,-178.304
21.52,-178.70385
21.53,-179.03677
21.54,-179.25872
21.55,-179.41928
21.56,-179.51262
21.57,-179.57195
21.58,-179.5667
21.59,-179.57235
21.6,-179.56546
21.61,-179.56766
21.62,-179.56812
21.63,-179.57052
21.64,-179.5713
21.65,-179.57185
21.66,-179.56854
21.67,-179.56594
21.68,-179.56649
21.69,-179.56979
21.7,-179.57246
21.71,-179.57245
21.72,-179.56847
21.73,-179.56631
21.74,-179.5676
21.75,-179.5691
21.76,-179.57192
21.77,-179.57076
21.78,-179.5694
21.79,-179.56828
21.8,-179.56847
21.81,-179.56757
21.82,-179.57013
21.83,-179.56913
21.84,-179.55926
21.85,-179.54424
21.86,-179.49211
21.87,-179.38822
21.88,-179.21492
21.89,-178.94326
21.9,-178.5753
21.91,-178.10794
21.92,-177.55752
21.93,-176.94764
21.94,-176.26454
21.95,-175.57667
21.96,-174.87615
21.97,-174.16166
21.98,-173.44675
21.99,-172.67072
22,-171.78516
22.01,-170.83234
22.02,-169.83323
22.03,-168.84528
22.04,-167.84621
22.05,-166.86978
22.06,-165.87218
22.07,-164.89037
22.08,-163.89181
22.09,-162.91243
22.1,-161.91828
22.11,-160.93472
22.12,-159.94238
22.13,-158.95352
22.14,-157.96892
22.15,-156.98338
22.16,-155.98609
22.17,-154.9959
22.18,-153.99807
22.19,-153.00324
22.2,-151.99684
22.21,-151.01204
22.22,-150.0149
22.23,-149.02457
22.24,-148.02189
22.25,-147.0294
22.26,-146.02722
22.27,-145.03731
22.28,-144.04213
22.29,-143.05124
22.3,-142.04323
22.31,-141.06179
22.32,-140.05959
22.33,-139.08109
22.34,-138.08366
22.35,-137.18314
22.36,-136.36171
22.37,-135.61664
22.38,-134.92391
22.39,-134.20839
22.4,-133.5058
22.41,-132.81901
22.42,-132.16486
22.43,-131.58423
22.44,-131.0807
22.45,-130.65263
22.46,-130.32461
22.47,-130.07694
22.48,-129.90738
22.49,-129.80206
22.5,-129.74567
22.51,-129.7432
22.52,-129.74342
22.53,-129.74879
22.54,-129.75091
22.55,-129.74903
22.56,-129.74412
22.57,-129.74349
22.58,-129.741
22.59,-129.74869
22.6,-129.74977
22.61,-129.7509
22.62,-129.74501
22.63,-129.74245
22.64,-129.74058
22.65,-129.7468
22.66,-129.74739
22.67,-129.74955
22.68,-129.74657
22.69,-129.74441
22.7,-129.74412
22.71,-129.74491
22.72,-129.74585
22.73,-129.74847
22.74,-129.74798
22.75,-129.74767
22.76,-129.74513
22.77,-129.75383
22.78,-129.76631
22.79,-129.81405
22.8,-129.90618
22.81,-130.08276
22.82,-130.34788
22.83,-130.70356
22.84,-131.16154
22.85,-131.69776
22.86,-132.32993
22.87,-132.99204
22.88,-133.68899
22.89,-134.39312
22.9,-135.10127
22.91,-135.81088
22.92,-136.59899
22.93,-137.45905
22.94,-138.40738
22.95,-139.40715
22.96,-140.39791
22.97,-141.39549
22.98,-142.3744
22.99,-143.38047
23,-144.36548
23.01,-145.36453
23.02,-146.35271
23.03,-147.36037
23.04,-148.34943
23.05,-149.35417
23.06,-150.33792
23.07,-151.34229
23.08,-152.32768
23.09,-153.33632
23.1,-154.32156
23.11,-155.33224
23.12,-156.30881
23.13,-157.31788
23.14,-158.29325
23.15,-159.28709
23.16,-160.26843
23.17,-161.27029
23.18,-162.24664
23.19,-163.25407
23.2,-164.21605
23.21,-165.22808
23.22,-166.20165
23.23,-167.21596
23.24,-168.18652
23.25,-169.1926
23.26,-170.16621
23.27,-171.17404
23.28,-172.14391
23.29,-173.16165
23.3,-174.12137
23.31,-175.14522
23.32,-176.11657
23.33,-177.1268
23.34,-178.09853
23.35,-179.10447
23.36,-180.07757
23.37,-181.08663
23.38,-182.06416
23.39,-183.06393
23.4,-184.05395
23.41,-185.05605
23.42,-186.02792
23.43,-187.03589
23.44,-188.01651
23.45,-189.03243
23.46,-190.00741
23.47,-191.01769
23.48,-192.0013
23.49,-193.01612
23.5,-193.99413
23.51,-195.00674
23.52,-195.98881
23.53,-196.99973
23.54,-197.97777
23.55,-198.99351
23.56,-199.9882
23.57,-201.00491
23.58,-201.98956
23.59,-203.00084
23.6,-203.98419
23.61,-205.00358
23.62,-205.98344
23.63,-206.94516
23.64,-207.77496
23.65,-208.54912
23.66,-209.25214
23.67,-209.95882
23.68,-210.66634
23.69,-211.35732
23.7,-212.02549
23.71,-212.63603
23.72,-213.16023
23.73,-213.61326
23.74,-213.95704
23.75,-214.23282
23.76,-214.41084
23.77,-214.53989
23.78,-214.60015
23.79,-214.6188
23.8,-214.61466
23.81,-214.61145
23.82,-214.61106
23.83,-214.61224
23.84,-214.61435
23.85,-214.61829
23.86,-214.61789
23.87,-214.615
23.88,-214.60958
23.89,-214.61188
23.9,-214.61256
23.91,-214.61923
23.92,-214.61846
23.93,-214.61547
23.94,-214.61236
23.95,-214.61203
23.96,-214.61245
23.97,-214.61698
23.98,-214.61648
23.99,-214.61723
24,-214.6153
24.01,-214.61249
24.02,-214.61232
24.03,-214.61374
24.04,-214.61545
24.05,-214.61261
24.06,-214.59851
24.07,-214.56595
24.08,-214.48898
24.09,-214.33802
24.1,-214.10314
24.11,-213.77127
24.12,-213.34029
24.13,-212.80009
24.14,-212.21004
24.15,-211.54087
24.16,-210.85562
24.17,-210.14354
24.18,-209.4397
24.19,-208.72436
24.2,-207.95936
24.21,-207.12093
24.22,-206.17821
24.23,-205.18287
24.24,-204.16959
24.25,-203.1683
24.26,-202.17526
24.27,-201.1772
24.28,-200.17309
24.29,-199.16566
24.3,-198.16351
24.31,-197.16867
24.32,-196.17007
24.33,-195.16954
24.34,-194.17481
24.35,-193.17191
24.36,-192.18926
24.37,-191.17789
24.38,-190.19295
24.39,-189.18258
24.4,-188.20138
24.41,-187.18961
24.42,-186.21896
24.43,-185.21154
24.44,-184.23788
24.45,-183.22889
24.46,-182.23771
24.47,-181.23941
24.48,-180.26287
24.49,-179.261
24.5,-178.28255
24.51,-177.27568
24.52,-176.29563
24.53,-175.29199
24.54,-174.31151
24.55,-173.30231
24.56,-172.33089
24.57,-171.31915
24.58,-170.34474
24.59,-169.34298
24.6,-168.35789
24.61,-167.36384
24.62,-166.38371
24.63,-165.37754
24.64,-164.40038
24.65,-163.39862
24.66,-162.42841
24.67,-161.42108
24.68,-160.45235
24.69,-159.44623
24.7,-158.47589
24.71,-157.4719
24.72,-156.49357
24.73,-155.48444
24.74,-154.50745
24.75,-153.49858
24.76,-152.51227
24.77,-151.50002
24.78,-150.5241
24.79,-149.51072
24.8,-148.53431
24.81,-147.52791
24.82,-146.54145
24.83,-145.53034
24.84,-144.5509
24.85,-143.53848
24.86,-142.56463
24.87,-141.54792
24.88,-140.57802
24.89,-139.56543
24.9,-138.59171
24.91,-137.58212
24.92,-136.61369
24.93,-135.60314
24.94,-134.62048
24.95,-133.6044
24.96,-132.6189
24.97,-131.60536
24.98,-130.63181
24.99,-129.61113
25,-128.63265
25.01,-127.61399
25.02,-126.64413
25.03,-125.63048
25.04,-124.65452
25.05,-123.63428
25.06,-122.66998
25.07,-121.65228
25.08,-120.69264
25.09,-119.68353
25.1,-118.70894
25.11,-117.70638
25.12,-116.73458
25.13,-115.72646
25.14,-114.75883
25.15,-113.74968
25.16,-112.76641
25.17,-111.75078
25.18,-110.78092
25.19,-109.76145
25.2,-108.79484
25.21,-107.77385
25.22,-106.80389
25.23,-105.78327
25.24,-104.81407
25.25,-103.80006
25.26,-102.82329
25.27,-101.8017
25.28,-100.84021
25.29,-99.81616
25.3,-98.8525
25.31,-97.83736
25.32,-96.86366
25.33,-95.85001
25.34,-94.88051
25.35,-93.8632
25.36,-92.89558
25.37,-91.88119
25.38,-90.90651
25.39,-89.88733
25.4,-88.91765
25.41,-87.90239
25.42,-86.92778
25.43,-85.91681
25.44,-84.93871
25.45,-83.92226
25.46,-82.94568
25.47,-81.9345
25.48,-80.96016
25.49,-79.94687
25.5,-78.97442
25.51,-77.95874
25.52,-76.98368
25.53,-75.96624
25.54,-74.99802
25.55,-73.98296
25.56,-73.00699
25.57,-71.99583
25.58,-71.01619
25.59,-70.00899
25.6,-69.03131
25.61,-68.02599
25.62,-67.04793
25.63,-66.02956
25.64,-65.05379
25.65,-64.0384
25.66,-63.05661
25.67,-62.04386
25.68,-61.06576
25.69,-60.04889
25.7,-59.07333
25.71,-58.05506
25.72,-57.07883
25.73,-56.0686
25.74,-55.09006
25.75,-54.07623
25.76,-53.09989
25.77,-52.09156
25.78,-51.11384
25.79,-50.10336
25.8,-49.12458
25.81,-48.12495
25.82,-47.14088
25.83,-46.13592
25.84,-45.1611
25.85,-44.15614
25.86,-43.17793
25.87,-42.17291
25.88,-41.19017
25.89,-40.18464
25.9,-39.20523
25.91,-38.19615
25.92,-37.22128
25.93,-36.20842
25.94,-35.23536
25.95,-34.21946
25.96,-33.24009
25.97,-32.23699
25.98,-31.25105
25.99,-30.24084
26,-29.26816
26.01,-28.25729
26.02,-27.27911
26.03,-26.26922
26.04,-25.29103
26.05,-24.28473
26.06,-23.30689
26.07,-22.29969
26.08,-21.3218
26.09,-20.31437
26.1,-19.33245
26.11,-18.32584
26.12,-17.3452
26.13,-16.34168
26.14,-15.3583
26.15,-14.35518
26.16,-13.36926
26.17,-12.35778
26.18,-11.37426
26.19,-10.37273
26.2,-9.38729
26.21,-8.39717
26.22,-7.48143
26.23,-6.65239
26.24,-5.91034
26.25,-5.20852
26.26,-4.50312
26.27,-3.80491
26.28,-3.1238
26.29,-2.46464
26.3,-1.87398
26.31,-1.36892
26.32,-0.94357
26.33,-0.60886
26.34,-0.36496
26.35,-0.19112
26.36,-0.09629
26.37,-0.06421
26.38,-0.12356
26.39,-0.10877
26.4,-0.11631
26.41,-0.12006
26.42,-0.11527
26.43,-0.11487
26.44,-0.11234
26.45,-0.11123
26.46,-0.11408
26.47,-0.11987
26.48,-0.12029
26.49,-0.11502
26.5,-0.11051
26.51,-0.10918
26.52,-0.11589
26.53,-0.11741
26.54,-0.11887
26.55,-0.11453
26.56,-0.11363
26.57,-0.11223
26.58,-0.11256
26.59,-0.11496
26.6,-0.11704
26.61,-0.11828
26.62,-0.1151
26.63,-0.11256
26.64,-0.11224
26.65,-0.11397
26.66,-0.11579
26.67,-0.1169
26.68,-0.11546
26.69,-0.11563
26.7,-0.11311
26.71,-0.11164
26.72,-0.11315
26.73,-0.11571
26.74,-0.11829
26.75,-0.11679
26.76,-0.11282
26.77,-0.11171
26.78,-0.11263
26.79,-0.11578
26.8,-0.11724
26.81,-0.11671
26.82,-0.11433
26.83,-0.1134
26.84,-0.11207
26.85,-0.11346
26.86,-0.11577
26.87,-0.11684
26.88,-0.11596
26.89,-0.11374
26.9,-0.11186
26.91,-0.11361
26.92,-0.11507
26.93,-0.11571
26.94,-0.11635
26.95,-0.115
26.96,-0.11414
26.97,-0.11334
26.98,-0.11272
26.99,-0.11466
27,-0.11643
27.01,-0.11599
27.02,-0.11499
27.03,-0.11271
27.04,-0.11227
27.05,-0.11423
27.06,-0.11551
27.07,-0.11634
27.08,-0.11584
27.09,-0.11367
27.1,-0.11306
27.11,-0.11313
27.12,-0.11439
27.13,-0.11649
27.14,-0.1162
27.15,-0.11418
27.16,-0.11327
27.17,-0.11284
27.18,-0.1142
27.19,-0.11524
27.2,-0.11508
27.21,-0.11514
27.22,-0.1147
27.23,-0.11331
27.24,-0.11346
27.25,-0.11406
27.26,-0.11516
27.27,-0.11624
27.28,-0.11496
27.29,-0.11387
27.3,-0.11343
27.31,-0.11316
27.32,-0.11446
27.33,-0.11554
27.34,-0.11524
27.35,-0.11488
27.36,-0.11344
27.37,-0.11275
27.38,-0.11413
27.39,-0.11508
27.4,-0.1158
27.41,-0.11543
27.42,-0.1136
27.43,-0.11329
27.44,-0.11386
27.45,-0.11448
27.46,-0.1153
27.47,-0.11499
27.48,-0.1141
27.49,-0.11431
27.5,-0.11346
27.51,-0.11356
27.52,-0.11465
27.53,-0.11508
27.54,-0.11538
27.55,-0.11454
27.56,-0.11324
27.57,-0.11379
27.58,-0.11425
27.59,-0.11449
27.6,-0.1154
27.61,-0.11482
27.62,-0.11408
27.63,-0.11366
27.64,-0.11314
27.65,-0.1145
27.66,-0.11547
27.67,-0.11476
27.68,-0.11441
27.69,-0.11373
27.7,-0.11346
27.71,-0.11431
27.72,-0.11452
27.73,-0.11487
27.74,-0.11523
27.75,-0.11396
27.76,-0.11361
27.77,-0.11394
27.78,-0.11411
27.79,-0.11504
27.8,-0.11484
27.81,-0.11411
27.82,-0.11427
27.83,-0.11364
27.84,-0.11374
27.85,-0.11458
27.86,-0.11459
27.87,-0.11487
27.88,-0.11471
27.89,-0.11354
27.9,-0.11385
27.91,-0.11413
27.92,-0.11445
27.93,-0.11523
27.94,-0.11454
27.95,-0.11383
27.96,-0.11387
27.97,-0.11366
27.98,-0.11431
27.99,-0.11488
28,-0.11434
28.01,-0.11461
28.02,-0.11411
28.03,-0.11348
28.04,-0.1142
28.05,-0.11447
28.06,-0.1148
28.07,-0.11493
28.08,-0.11386
28.09,-0.11383
28.1,-0.11417
28.11,-0.11393
28.12,-0.11452
28.13,-0.11471
28.14,-0.11419
28.15,-0.11439
28.16,-0.1137
28.17,-0.11378
28.18,-0.11456
28.19,-0.11437
28.2,-0.11455
28.21,-0.11462
28.22,-0.11373
28.23,-0.11395
28.24,-0.11416
28.25,-0.11417
28.26,-0.11493
28.27,-0.11434
28.28,-0.1139
28.29,-0.11413
28.3,-0.1137
28.31,-0.11414
28.32,-0.1147
28.33,-0.11427
28.34,-0.11439
28.35,-0.11415
28.36,-0.1137
28.37,-0.11438
28.38,-0.11423
28.39,-0.11422
28.4,-0.11476
28.41,-0.11408
28.42,-0.11403
28.43,-0.11408
28.44,-0.11369
28.45,-0.11426
28.46,-0.11462
28.47,-0.11417
28.48,-0.11442
28.49,-0.11373
28.5,-0.11369
28.51,-0.11458
28.52,-0.11437
28.53,-0.11445
28.54,-0.11434
28.55,-0.11373
28.56,-0.11402
28.57,-0.11425
28.58,-0.11399
28.59,-0.11468
28.6,-0.11415
28.61,-0.11386
28.62,-0.11435
28.63,-0.11381
28.64,-0.11404
28.65,-0.1144
28.66,-0.11415
28.67,-0.1145
28.68,-0.11426
28.69,-0.11366
28.7,-0.11424
28.71,-0.11417
28.72,-0.11412
28.73,-0.11462
28.74,-0.11395
28.75,-0.11409
28.76,-0.11416
28.77,-0.11362
28.78,-0.11425
28.79,-0.11448
28.8,-0.11406
28.81,-0.1143
28.82,-0.11386
28.83,-0.11379
28.84,-0.11454
28.85,-0.11412
28.86,-0.1143
28.87,-0.11443
28.88,-0.1136
28.89,-0.11408
28.9,-0.11426
28.91,-0.11399
28.92,-0.11429
28.93,-0.11408
28.94,-0.11401
28.95,-0.11443
28.96,-0.11364
28.97,-0.1139
28.98,-0.11456
28.99,-0.11407
29,-0.11425
29.01,-0.11406
29.02,-0.11381
29.03,-0.11432
29.04,-0.11396
29.05,-0.11392
29.06,-0.11469
29.07,-0.11412
29.08,-0.11379
29.09,-0.114
29.1,-0.11374
29.11,-0.11446
29.12,-0.11438
29.13,-0.11378
29.14,-0.11421
29.15,-0.11393
29.16,-0.11379
29.17,-0.11444
29.18,-0.11413
29.19,-0.11422
29.2,-0.11423
29.21,-0.11358
29.22,-0.11416
29.23,-0.11422
29.24,-0.11376
29.25,-0.11423
29.26,-0.11415
29.27,-0.11398
29.28,-0.11424
29.29,-0.11365
29.3,-0.11405
29.31,-0.11456
29.32,-0.11389
29.33,-0.11417
29.34,-0.11419
29.35,-0.11381
29.36,-0.11421
29.37,-0.1139
29.38,-0.1139
29.39,-0.1146
29.4,-0.11393
29.41,-0.11379
29.42,-0.11414
29.43,-0.11385
29.44,-0.11435
29.45,-0.11416
29.46,-0.11377
29.47,-0.11424
29.48,-0.11398
29.49,-0.11385
29.5,-0.11444
29.51,-0.114
29.52,-0.11414
29.53,-0.11425
29.54,-0.11378
29.55,-0.11422
29.56,-0.11411
29.57,-0.11371
29.58,-0.1143
29.59,-0.11418
29.6,-0.11385
29.61,-0.11418
29.62,-0.11375
29.63,-0.11407
29.64,-0.11446
29.65,-0.11389
29.66,-0.11422
29.67,-0.11415
29.68,-0.11372
29.69,-0.11425
29.7,-0.11407
29.71,-0.11391
29.72,-0.11424
29.73,-0.11383
29.74,-0.11404
29.75,-0.11433
29.76,-0.11361
29.77,-0.11415
29.78,-0.1143
29.79,-0.11403
29.8,-0.11426
29.81,-0.11382
29.82,-0.11374
29.83,-0.11444
29.84,-0.11397
29.85,-0.11394
29.86,-0.11421
29.87,-0.11367
29.88,-0.11411
29.89,-0.11411
29.9,-0.11389
29.91,-0.11442
29.92,-0.11404
29.93,-0.11366
29.94,-0.11423
29.95,-0.11402
29.96,-0.11409
29.97,-0.11426
29.98,-0.11361
29.99,-0.11416
30,-0.11422
30.01,-0.11377
30.02,-0.11422
30.03,-0.114
30.04,-0.11397
30.05,-0.11434
30.06,-0.11381
30.07,-0.11396
30.08,-0.1143
30.09,-0.11368
30.1,-0.11411
30.11,-0.11425
30.12,-0.11384
30.13,-0.11427
30.14,-0.11393
30.15,-0.11382
30.16,-0.11438
30.17,-0.11402
30.18,-0.11408
30.19,-0.11436
30.2,-0.11374
30.21,-0.11391
30.22,-0.11418
30.23,-0.11395
30.24,-0.11448
30.25,-0.11384
30.26,-0.11368
30.27,-0.11435
30.28,-0.11409
30.29,-0.11402
30.3,-0.11425
30.31,-0.11383
30.32,-0.1142
30.33,-0.11417
30.34,-0.11369
30.35,-0.11433
30.36,-0.11402
30.37,-0.11376
30.38,-0.11435
30.39,-0.11399
30.4,-0.11394
30.41,-0.11412
30.42,-0.11379
30.43,-0.11433
30.44,-0.11433
30.45,-0.11372
30.46,-0.11427
30.47,-0.11408
30.48,-0.11379
30.49,-0.11417
30.5,-0.11389
30.51,-0.11422
30.52,-0.11429
30.53,-0.11354
30.54,-0.11399
30.55,-0.11438
30.56,-0.11397
30.57,-0.11421
30.58,-0.11391
30.59,-0.11389
30.6,-0.11443
30.61,-0.11388
30.62,-0.11392
30.63,-0.11426
30.64,-0.1138
30.65,-0.11406
30.66,-0.11418
30.67,-0.11378
30.68,-0.11432
30.69,-0.11401
30.7,-0.11381
30.71,-0.11434
30.72,-0.114
30.73,-0.11394
30.74,-0.11425
30.75,-0.11376
30.76,-0.11412
30.77,-0.11423
30.78,-0.11392
30.79,-0.11436
30.8,-0.11394
30.81,-0.11361
30.82,-0.11436
30.83,-0.11415
30.84,-0.11406
30.85,-0.11412
30.86,-0.11354
30.87,-0.11417
30.88,-0.11446
30.89,-0.11378
30.9,-0.11412
30.91,-0.11384
30.92,-0.11387
30.93,-0.1144
30.94,-0.11403
30.95,-0.1138
30.96,-0.11419
30.97,-0.11375
30.98,-0.11421
30.99,-0.11419
31,-0.1137
31.01,-0.11418
31.02,-0.11402
31.03,-0.11375
31.04,-0.11426
31.05,-0.11391
31.06,-0.11389
31.07,-0.11433
31.08,-0.11373
31.09,-0.11411
31.1,-0.11423
31.11,-0.11374
31.12,-0.11426
31.13,-0.1139
31.14,-0.11365
31.15,-0.11428
31.16,-0.11405
31.17,-0.11398
31.18,-0.11413
31.19,-0.11363
31.2,-0.11409
31.21,-0.11431
31.22,-0.11366
31.23,-0.11412
31.24,-0.1139
31.25,-0.11377
31.26,-0.11423
31.27,-0.11396
31.28,-0.11399
31.29,-0.11419
31.3,-0.11366
31.31,-0.11404
31.32,-0.11443
31.33,-0.11369
31.34,-0.11397
31.35,-0.1139
31.36,-0.11389
31.37,-0.11435
31.38,-0.11366
31.39,-0.11377
31.4,-0.11433
31.41,-0.11392
31.42,-0.11397
31.43,-0.11417
31.44,-0.11381
31.45,-0.11423
31.46,-0.11396
31.47,-0.11372
31.48,-0.11433
31.49,-0.11389
31.5,-0.11379
31.51,-0.11423
31.52,-0.11383
31.53,-0.11398
31.54,-0.11413
31.55,-0.11385
31.56,-0.11433
31.57,-0.11398
31.58,-0.11348
31.59,-0.11433
31.6,-0.11409
31.61,-0.11389
31.62,-0.11399
31.63,-0.11363
31.64,-0.11414
31.65,-0.11425
31.66,-0.1136
31.67,-0.1141
31.68,-0.11425
31.69,-0.11375
31.7,-0.11419
31.71,-0.11391
31.72,-0.11401
31.73,-0.11426
31.74,-0.11353
31.75,-0.11391
31.76,-0.11428
31.77,-0.11378
31.78,-0.11397
31.79,-0.11385
31.8,-0.11378
31.81,-0.11446
31.82,-0.1139
31.83,-0.11369
31.84,-0.11424
31.85,-0.11389
31.86,-0.11411
31.87,-0.11412
31.88,-0.11366
31.89,-0.11406
31.9,-0.11405
31.91,-0.11363
31.92,-0.11425
31.93,-0.11388
31.94,-0.11376
31.95,-0.11425
31.96,-0.11386
31.97,-0.11407
31.98,-0.11403
31.99,-0.11362
32,-0.11426
32.01,-0.11416
32.02,-0.11353
32.03,-0.11393
32.04,-0.11386
32.05,-0.11396
32.06,-0.11422
32.07,-0.11357
32.08,-0.11391
32.09,-0.1142
32.1,-0.11373
32.11,-0.1141
32.12,-0.1141
32.13,-0.11376
32.14,-0.11414
32.15,-0.11382
32.16,-0.11382
32.17,-0.11436
32.18,-0.11368
32.19,-0.11384
32.2,-0.1142
32.21,-0.11374
32.22,-0.11406
32.23,-0.11389
32.24,-0.11371
32.25,-0.11421
32.26,-0.11386
32.27,-0.11375
32.28,-0.1143
32.29,-0.11383
32.3,-0.11393
32.31,-0.11423
32.32,-0.11374
32.33,-0.1142
32.34,-0.11391
32.35,-0.11366
32.36,-0.11423
32.37,-0.11396
32.38,-0.11358
32.39,-0.11412
32.4,-0.1138
32.41,-0.11406
32.42,-0.11417
32.43,-0.11362
32.44,-0.11421
32.45,-0.1142
32.46,-0.11372
32.47,-0.11414
32.48,-0.11399
32.49,-0.11388
32.5,-0.11419
32.51,-0.11357
32.52,-0.11396
32.53,-0.1143
32.54,-0.1137
32.55,-0.11401
32.56,-0.1141
32.57,-0.11386
32.58,-0.11433
32.59,-0.11396
32.6,-0.1138
32.61,-0.11431
32.62,-0.11365
32.63,-0.11386
32.64,-0.11418
32.65,-0.11376
32.66,-0.11398
32.67,-0.11393
32.68,-0.1137
32.69,-0.11429
32.7,-0.11392
32.71,-0.11377
32.72,-0.11442
